,review
0,면에 쌀가루가 들어갔다고 하는데 그래서 인지 면이 더 맛있는 것 같기도 하고요
1,간식으로 종종 먹기 좋을 것 같습니다
2,미역과 함께 건조 소고기도 탱탱하게 불어오르고요
3,그런데도 미역국 맛이 진하게 나면서 저는 개인적으로 굉장히 맛있게 먹었어요
4,쇠고기 양지와 진한 사골 국물이 우러나왔다는데 맛 보면 알겠지
5,먹다보면 살짝 느끼해서 김치필수 매콤한 라면에도 김치는 필수이긴 하죠
6,밥 말아 먹으면 은근 든든할 것 같아요
7,국물은 진한 미역국 색깔이었고 면은 살짝 얇은 굵기의 면발이었습니다
8,얼른 먹을 수 있어서 좋았고 바로 면발을 건져서 맛을 보았어요
9,미역국을 라면으로 먹을 수 있다니
10,역시 라면은 빨갛고 매콤한 라면이 최고로 맛있는 것 같아요
11,엠보싱같은 보송보송함에 용기가 덜 뜨겁게 느껴지는 장점도 있는 것 같아요
12,총 60g  235kcal로 당류도 적고  다이어트할 때 먹어도 좋겠어요
13,그리고 건조미역 건더기가 엄청 많이 들었어요
14,조각미역의 양이 많아서 초록 느낌이 물씬 풍기는 겁니다
15,생각보다 건더기가 굉장히 실해서 기대 이상으로 만족스러웠어요
16,먹어보니 꽤 쫄깃한 식감까지 제대로 살려서 가성비 좋게 한 끼를 맛있게 먹었어요
17,슈혀느님은 면   좋아해요
18,오뚜기에서 쇠고기 미역국 라면이 나왔을때   처음 보고서는 미역국이 라면하고 어울릴까싶어   정말 특이하다 싶었어요
19,면하고 미역국 국물이 안어울릴거라 생각했는데   예상외로 너무 잘 어울려요
